INSERT INTO Type_Personne(id_Type, libelle) VALUES (1, 'patient');
INSERT INTO Type_Personne(id_Type, libelle) VALUES (2, 'radiologue');
INSERT INTO Type_Personne(id_Type, libelle) VALUES (3, 'infirmier');
INSERT INTO Ville(id_Ville, nom, Code_Postal) VALUES (1, 'Castres', '81100');
INSERT INTO Ville(id_Ville, nom, Code_Postal) VALUES (2, 'Albi', '81000');
INSERT INTO Personne(id_Personne, nom, prenom, sexe, age, adresse, type_id_type, ville_id_ville) VALUES (1, 'Maintenant', 'Victor', 'Homme', 22, '20 rue Léon Blum', 1 ,1);
INSERT INTO Personne(id_Personne, nom, prenom, sexe, age, adresse, type_id_type, ville_id_ville) VALUES (2, 'Dupont', 'Alix', 'Femme', 35, 'Impasse des plantes', 2 ,2);
INSERT INTO Personne(id_Personne, nom, prenom, sexe, age, adresse, type_id_type, ville_id_ville) VALUES (3, 'Gauthier', 'Thomas', 'Neutre', 27, '1 Avenue pas loin', 3 ,1);
INSERT INTO Telephone(id_Telephone, num, personne_id_personne) VALUES (1, '0102030405', 1);
INSERT INTO Telephone(id_Telephone, num, personne_id_personne) VALUES (2, '1112131415', 2);
INSERT INTO Telephone(id_Telephone, num, personne_id_personne) VALUES (3, '2122232425', 3);
INSERT INTO Batiment(id_Batiment, nom, adresse, ville_id_ville) VALUES (1, 'ISIS', '95 rue Firmin Oulès', 1);
INSERT iNTO Plan(id_Plan, plan, batiment_id_batiment) VALUES (1, 'xOxOxOxOx', 1);
INSERT INTO Salle(id_Salle, num, max_Per, batiment_id_batiment) VALUES (1, 'A001', 20, 1);
INSERT INTO Salle(id_Salle, num, max_Per, batiment_id_batiment) VALUES (2, 'A002', 25, 1);
INSERT INTO Salle(id_Salle, num, max_Per, batiment_id_batiment) VALUES (3, 'A003', 15, 1);
INSERT INTO Salle(id_Salle, num, max_Per, batiment_id_batiment) VALUES (4, 'A004', 15, 1);
INSERT INTO Balise(id_Balise, num, salle_id_salle) VALUES (1, 'AB101', 4);
INSERT INTO Balise(id_Balise, num, salle_id_salle) VALUES (2, 'CD102', 2);
INSERT INTO Balise(id_Balise, num, salle_id_salle) VALUES (3, 'EF103', 1);
INSERT INTO Balise(id_Balise, num, salle_id_salle) VALUES (4, 'GH104', 3);
INSERT INTO Passage(id, telephone_id_telephone, balise_id_balise, A) VALUES (1, 1, 1,'06-04-2021 13:27:00');
INSERT INTO Passage(id, telephone_id_telephone, balise_id_balise, A) VALUES (2, 2, 1,'06-04-2021 14:30:00');
INSERT INTO Passage(id, telephone_id_telephone, balise_id_balise, A) VALUES (3, 1, 2,'06-04-2021 14:30:00');
INSERT INTO Passage(id, telephone_id_telephone, balise_id_balise, A) VALUES (4, 2, 3,'06-04-2021 18:00:00');
INSERT INTO Passage(id, telephone_id_telephone, balise_id_balise, A) VALUES (5, 1, 2,'06-04-2021 18:15:00');
INSERT INTO Passage(id, telephone_id_telephone, balise_id_balise, A) VALUES (6, 1, 3,'07-04-2021 00:20:00');
INSERT INTO Passage(id, telephone_id_telephone, balise_id_balise, A) VALUES (7, 3, 1,'07-04-2021 07:27:00');
INSERT INTO Passage(id, telephone_id_telephone, balise_id_balise, A) VALUES (8, 3, 1,'07-04-2021 07:50:00');
INSERT INTO Passage(id, telephone_id_telephone, balise_id_balise, A) VALUES (9, 3, 2,'07-04-2021 08:15:00');
INSERT INTO Passage(id, telephone_id_telephone, balise_id_balise, A) VALUES (10, 2, 3,'07-04-2021 08:15:00');
INSERT INTO Passage(id, telephone_id_telephone, balise_id_balise, A) VALUES (11, 2, 3,NOW());